{
  "@type" : "TEMPLATE",
  "uid" : "a52acf0d-fa7b-48dc-95ab-284fd96c732e",
  "description" : {
    "@type" : "RESOURCE_DESCRIPTION",
    "originalAuthor" : { },
    "otherContributors" : [ ],
    "lifecycleState" : {
      "codeString" : "Initial"
    },
    "ipAcknowledgements" : { },
    "references" : { },
    "conversionDetails" : { },
    "otherDetails" : {
      "MetaDataSet:Sample Set " : "Template metadata sample set ",
      "Acknowledgements" : "",
      "Business Process Level" : "",
      "Care setting" : "",
      "Client group" : "",
      "Clinical Record Element" : "",
      "Copyright" : "",
      "Issues" : "",
      "Owner" : "",
      "Sign off" : "",
      "Speciality" : "",
      "User roles" : "",
      "MD5-CAM-1.0.1" : "bee7a57a6c65cf958215aa25886ca1d5",
      "PARENT:MD5-CAM-1.0.1" : "15173A4BF38FA171E47BBE704F3E0940"
    },
    "details" : {
      "en" : {
        "@type" : "RESOURCE_DESCRIPTION_ITEM",
        "language" : {
          "terminologyId" : {
            "value" : "ISO_639-1"
          },
          "codeString" : "en"
        },
        "purpose" : "",
        "use" : "",
        "misuse" : "",
        "originalResourceUri" : { },
        "otherDetails" : { }
      },
      "sv" : {
        "@type" : "RESOURCE_DESCRIPTION_ITEM",
        "language" : {
          "terminologyId" : {
            "value" : "ISO_639-1"
          },
          "codeString" : "sv"
        },
        "originalResourceUri" : { },
        "otherDetails" : {
          "notes" : "Generated automatically by Adl Designer"
        }
      },
      "es-ar" : {
        "@type" : "RESOURCE_DESCRIPTION_ITEM",
        "language" : {
          "terminologyId" : {
            "value" : "ISO_639-1"
          },
          "codeString" : "es-ar"
        },
        "originalResourceUri" : { },
        "otherDetails" : {
          "notes" : "Generated automatically by Adl Designer"
        }
      },
      "ko" : {
        "@type" : "RESOURCE_DESCRIPTION_ITEM",
        "language" : {
          "terminologyId" : {
            "value" : "ISO_639-1"
          },
          "codeString" : "ko"
        },
        "originalResourceUri" : { },
        "otherDetails" : {
          "notes" : "Generated automatically by Adl Designer"
        }
      },
      "pt-br" : {
        "@type" : "RESOURCE_DESCRIPTION_ITEM",
        "language" : {
          "terminologyId" : {
            "value" : "ISO_639-1"
          },
          "codeString" : "pt-br"
        },
        "originalResourceUri" : { },
        "otherDetails" : {
          "notes" : "Generated automatically by Adl Designer"
        }
      },
      "ar-sy" : {
        "@type" : "RESOURCE_DESCRIPTION_ITEM",
        "language" : {
          "terminologyId" : {
            "value" : "ISO_639-1"
          },
          "codeString" : "ar-sy"
        },
        "originalResourceUri" : { },
        "otherDetails" : {
          "notes" : "Generated automatically by Adl Designer"
        }
      },
      "es" : {
        "@type" : "RESOURCE_DESCRIPTION_ITEM",
        "language" : {
          "terminologyId" : {
            "value" : "ISO_639-1"
          },
          "codeString" : "es"
        },
        "originalResourceUri" : { },
        "otherDetails" : {
          "notes" : "Generated automatically by Adl Designer"
        }
      },
      "nl" : {
        "@type" : "RESOURCE_DESCRIPTION_ITEM",
        "language" : {
          "terminologyId" : {
            "value" : "ISO_639-1"
          },
          "codeString" : "nl"
        },
        "originalResourceUri" : { },
        "otherDetails" : {
          "notes" : "Generated automatically by Adl Designer"
        }
      }
    }
  },
  "parentArchetypeId" : "openEHR-EHR-COMPOSITION.encounter.v1",
  "differential" : true,
  "archetypeId" : {
    "@type" : "ARCHETYPE_HRID",
    "value" : "openEHR-EHR-COMPOSITION.t_encounter.v1"
  },
  "definition" : {
    "@type" : "C_COMPLEX_OBJECT",
    "rmTypeName" : "COMPOSITION",
    "nodeId" : "at0000.1",
    "attributes" : [ {
      "@type" : "C_ATTRIBUTE",
      "rmAttributeName" : "category",
      "children" : [ {
        "@type" : "C_COMPLEX_OBJECT",
        "rmTypeName" : "DV_CODED_TEXT",
        "attributes" : [ {
          "@type" : "C_ATTRIBUTE",
          "rmAttributeName" : "defining_code",
          "children" : [ {
            "@type" : "C_TERMINOLOGY_CODE",
            "rmTypeName" : "CODE_PHRASE",
            "occurrences" : "1..1",
            "terminologyId" : {
              "value" : "openehr"
            },
            "constraint" : [ "433" ]
          } ]
        } ],
        "attributeTuples" : [ ]
      } ]
    }, {
      "@type" : "C_ATTRIBUTE",
      "rmAttributeName" : "context",
      "children" : [ {
        "@type" : "C_COMPLEX_OBJECT",
        "rmTypeName" : "EVENT_CONTEXT",
        "attributes" : [ {
          "@type" : "C_ATTRIBUTE",
          "rmAttributeName" : "other_context",
          "children" : [ {
            "@type" : "C_COMPLEX_OBJECT",
            "rmTypeName" : "ITEM_TREE",
            "nodeId" : "at0001",
            "attributes" : [ {
              "@type" : "C_ATTRIBUTE",
              "rmAttributeName" : "items",
              "cardinality" : {
                "@type" : "CARDINALITY",
                "interval" : "0..*",
                "ordered" : false,
                "unique" : false
              },
              "children" : [ {
                "@type" : "C_ARCHETYPE_ROOT",
                "rmTypeName" : "CLUSTER",
                "occurrences" : "0..*",
                "nodeId" : "at0002.1",
                "attributes" : [ ],
                "attributeTuples" : [ ],
                "archetypeRef" : "openEHR-EHR-CLUSTER.ovl-composition_context_detail-000.v1",
                "referenceType" : "archetypeOverlay"
              } ]
            } ],
            "attributeTuples" : [ ]
          } ]
        } ],
        "attributeTuples" : [ ]
      } ]
    }, {
      "@type" : "C_ATTRIBUTE",
      "rmAttributeName" : "content",
      "existence" : "0..1",
      "children" : [ {
        "@type" : "C_ARCHETYPE_ROOT",
        "rmTypeName" : "OBSERVATION",
        "occurrences" : "0..*",
        "nodeId" : "at0.1",
        "attributes" : [ ],
        "attributeTuples" : [ ],
        "archetypeRef" : "openEHR-EHR-OBSERVATION.ovl-body_weight-001.v1",
        "referenceType" : "archetypeOverlay"
      } ]
    } ],
    "attributeTuples" : [ ]
  },
  "terminology" : {
    "@type" : "ARCHETYPE_TERMINOLOGY",
    "conceptCode" : "at0000",
    "termDefinitions" : {
      "ar-sy" : {
        "at0000.1" : {
          "@type" : "ARCHETYPE_TERM",
          "code" : "at0000.1",
          "text" : "Reference Weight",
          "description" : "*Interaction, contact or care event between a subject of care and healthcare provider(s).(en)"
        }
      },
      "en" : {
        "at0000.1" : {
          "@type" : "ARCHETYPE_TERM",
          "code" : "at0000.1",
          "text" : "Reference Weight",
          "description" : "Interaction, contact or care event between a subject of care and healthcare provider(s)."
        }
      },
      "es-ar" : {
        "at0000.1" : {
          "@type" : "ARCHETYPE_TERM",
          "code" : "at0000.1",
          "text" : "Reference Weight",
          "description" : "Interacción, contacto o evento de cuidados entre un sujeto de cuidados y uno o más proveedores de cuidados de la salud."
        }
      },
      "ko" : {
        "at0000.1" : {
          "@type" : "ARCHETYPE_TERM",
          "code" : "at0000.1",
          "text" : "Reference Weight",
          "description" : "*Interaction, contact or care event between a subject of care and healthcare provider(s).(en)"
        }
      },
      "pt-br" : {
        "at0000.1" : {
          "@type" : "ARCHETYPE_TERM",
          "code" : "at0000.1",
          "text" : "Reference Weight",
          "description" : "Interação, contato ou cuidado entre o sujeito do cuidado e profissional(is) de saúde."
        }
      },
      "es" : {
        "at0000.1" : {
          "@type" : "ARCHETYPE_TERM",
          "code" : "at0000.1",
          "text" : "Reference Weight",
          "description" : "Interacción, contacto o evento de cuidado entre un paciente y un proveedor de salud."
        }
      },
      "nl" : {
        "at0000.1" : {
          "@type" : "ARCHETYPE_TERM",
          "code" : "at0000.1",
          "text" : "Reference Weight",
          "description" : "Interactie, contact of zorggebeurtenis tussen een onderwerp van zorg en zorgverlener(s)."
        }
      },
      "sv" : {
        "at0000.1" : {
          "@type" : "ARCHETYPE_TERM",
          "code" : "at0000.1",
          "text" : "Reference Weight",
          "description" : "Interaktion, kontakt eller vårdhändelse mellan vårdtagare och vårdgivare inom hälso- och sjukvården."
        }
      }
    },
    "termBindings" : { },
    "terminologyExtracts" : { },
    "valueSets" : { }
  },
  "adlVersion" : "1.4",
  "buildUid" : "f7dc9bde-d493-38c4-b931-2a5e82b46220",
  "rmName" : "openehr",
  "rmRelease" : "1.0.3",
  "generated" : true,
  "templateId" : "OPENeP - Reference Weight",
  "otherMetaData" : { },
  "templateOverlays" : [ {
    "@type" : "TEMPLATE_OVERLAY",
    "uid" : "df8b14b7-ecf2-3f06-aa55-19f334a82669",
    "description" : {
      "@type" : "RESOURCE_DESCRIPTION",
      "originalAuthor" : { },
      "otherContributors" : [ ],
      "ipAcknowledgements" : { },
      "references" : { },
      "conversionDetails" : { },
      "otherDetails" : {
        "PARENT:MD5-CAM-1.0.1" : "877d58b476d56c16669cd7b1ca235232"
      },
      "details" : {
        "en" : {
          "@type" : "RESOURCE_DESCRIPTION_ITEM",
          "language" : {
            "terminologyId" : {
              "value" : "ISO_639-1"
            },
            "codeString" : "en"
          },
          "purpose" : "To record common extended contextual details that apply to all COMPOSITION archetypes wthin a specific application or care setting",
          "keywords" : [ "composition", "context" ],
          "originalResourceUri" : { },
          "otherDetails" : { }
        },
        "sl" : {
          "@type" : "RESOURCE_DESCRIPTION_ITEM",
          "language" : {
            "terminologyId" : {
              "value" : "ISO_639-1"
            },
            "codeString" : "sl"
          },
          "purpose" : "Za zapisovanje podatkov, ki se nanašajo na vse COMPOSITION archetypes",
          "keywords" : [ "composition", "context", "vsebina" ],
          "originalResourceUri" : { },
          "otherDetails" : { }
        }
      }
    },
    "parentArchetypeId" : "openEHR-EHR-CLUSTER.composition_context_detail.v1",
    "differential" : true,
    "archetypeId" : {
      "@type" : "ARCHETYPE_HRID",
      "value" : "openEHR-EHR-CLUSTER.ovl-composition_context_detail-000.v1"
    },
    "definition" : {
      "@type" : "C_COMPLEX_OBJECT",
      "rmTypeName" : "CLUSTER",
      "nodeId" : "at0000.1",
      "attributes" : [ ],
      "attributeTuples" : [ ]
    },
    "terminology" : {
      "@type" : "ARCHETYPE_TERMINOLOGY",
      "conceptCode" : "at0000",
      "termDefinitions" : {
        "en" : { },
        "sl" : { }
      },
      "termBindings" : { },
      "terminologyExtracts" : { },
      "valueSets" : { }
    },
    "adlVersion" : "1.4",
    "buildUid" : "51177d64-5dcb-362e-bfcd-a76850a10ba1",
    "rmName" : "openehr",
    "rmRelease" : "1.0.3",
    "generated" : true,
    "otherMetaData" : { },
    "originalLanguage" : {
      "terminologyId" : {
        "value" : "ISO_639-1"
      },
      "codeString" : "en"
    },
    "translations" : [ {
      "@type" : "TRANSLATION_DETAILS",
      "language" : {
        "terminologyId" : {
          "value" : "ISO_639-1"
        },
        "codeString" : "sl"
      },
      "author" : {
        "name" : "mag. Biljana Prinčič",
        "organisation" : "Marand d.o.o., Ljubljana Slovenija",
        "email" : "biljana.princic@marand.si"
      },
      "otherDetails" : { }
    } ]
  }, {
    "@type" : "TEMPLATE_OVERLAY",
    "uid" : "b7de9f78-dc77-3128-af50-2c2816cb96fb",
    "description" : {
      "@type" : "RESOURCE_DESCRIPTION",
      "originalAuthor" : { },
      "otherContributors" : [ ],
      "ipAcknowledgements" : { },
      "references" : { },
      "conversionDetails" : { },
      "otherDetails" : {
        "PARENT:MD5-CAM-1.0.1" : "1D5EB73BB1035FED3144E75CC075482A"
      },
      "details" : {
        "de" : {
          "@type" : "RESOURCE_DESCRIPTION_ITEM",
          "language" : {
            "terminologyId" : {
              "value" : "ISO_639-1"
            },
            "codeString" : "de"
          },
          "purpose" : "Zur Dokumentation des Gewichtes eines Individuums, sowohl exakt als auch ungefähr.",
          "keywords" : [ "Gewicht", "Zunahme", "Verlust", "Masse", "Schätzung" ],
          "use" : "Zur Dokumentation des tatsächlichen Körpergewichts, auch wenn das Individuum einen Körperteil (angeboren oder später amputiert) vermisst. Sofern benötigt, kann dies im Datenelement 'Störfaktoren' dokumentiert werden. Dies ist der Archetyp, der gewöhnlicherweise für eine typische Gewichtsmessung benutzt werden sollte, z.B. bei Selbstmessung durch das Individuum zu Hause, durch einen Kliniker im Krankenhaus, oder einen Fitness-Trainer in einem Fitness-Center.\n\nDer Archetyp kann auch benutzt werden, um eine Schätzung des Körpergewichts zu dokumentieren, wenn es nicht möglich ist, das Gewicht genau zu bestimmen - z.B. bei der Messung des Gewichts eines nicht kooperativen Kindes, oder bei einem ungeborenen Fötus (hier ist das 'Subjekt der Daten' der Fötus und die Dokumentation erfolgt in der Akte der Mutter). Dass es sich um eine Schätzung handelt wird in diesem Archetyp nicht explizit modelliert, da das openEHR Referenzmodell dies direkt für 'Quantity'-Datentypen unterstützt. In einer konkreten klinischen Anwendung könnte die Benutzerschnittstelle es dem Kliniker z.B. über eine Checkbox ermöglichen, zu dokumentieren, dass es sich um eine Schätzung handelt.",
          "misuse" : "Nicht zur Dokumentation des ersten Gewichts eines Neugeboren (Geburtsgewicht) - benutzen Sie hierzu den spezialisierten Archetyp OBSERVATION.body_weight-birth.\nNicht zur Dokumentation des angepassten Körpergewichts, z.B. eine Berechnung des vollständigen Körpergewichts bei einer Person mit amputierter Extremität auf Basis der anderen Körperteile und eines Algorithmus - benutzen Sie OBSERVATION.body_weight-adjusted.\nNicht zur Dokumentation eines Objekts oder eines Teils des Körpers. ",
          "copyright" : "copyright (c) 2010 openEHR Foundation",
          "originalResourceUri" : { },
          "otherDetails" : { }
        },
        "ru" : {
          "@type" : "RESOURCE_DESCRIPTION_ITEM",
          "language" : {
            "terminologyId" : {
              "value" : "ISO_639-1"
            },
            "codeString" : "ru"
          },
          "purpose" : "*To record the body weight of an individual - both actual and approximate.(en)",
          "keywords" : [ "*weight(en)", "*gain(en)", "*loss(en)", "*increase(en)", "*decrease(en)", "*mass(en)", "*estimate(en)", "*actual(en)" ],
          "use" : "*To be used for recording the actual measurement of body weight, including when the individual is missing a body part due to a congenital cause or after surgical removal.   A statement identifying the physical incompleteness of the body can be recorded in the 'Confounding factors' data element, if required. This is the usual archetype to be used for a typical measurement of weight, for example self-measured by the individual at home, a clinician measurement in a clinic/hospital, or a fitness instructor in a gymnasium.  \n\nCan also be used for recording an approximation of body weight measurement in a clinical scenario where it is not possible to measure accurately body weight - for example, weighing an uncooperative child, or estimating the weight of an unborn fetus (where the 'subject of data' is the Fetus and recording occurs within the mother's health record).  This is not modelled explicitly in the archetype as the openEHR Reference model allows the attribute of Approximation for any Quantity data type.  At implementation, for example, an application user interface could allow clinicians to select an appropriately labelled check box adjacent to the Weight data field to indicate that the recorded weight is an approximation, rather than actual.\n\nTo be used for recording weight change, that is, either weight loss or weight gain.  This can currently be modelled by constraining the 'any event' to an interval with associated mathematical function of increase or decrease, as appropriate. (en)",
          "misuse" : "*Not to be used to record the first weight of an infant soon after birth which is designated as their 'birth weight' - use the specialisation of this archetype OBSERVATION.body_weight-birth.\nNot to be used to record the adjusted body weight eg a calculation of the full body weight of a person with limb amputation, based on other body part measurements and an algorithm - use OBSERVATION.body_weight-adjusted.\nNot to be used to record the weight of an object or body part. (en)",
          "copyright" : "*copyright (c) 2010 openEHR Foundation(en)",
          "originalResourceUri" : { },
          "otherDetails" : { }
        },
        "en" : {
          "@type" : "RESOURCE_DESCRIPTION_ITEM",
          "language" : {
            "terminologyId" : {
              "value" : "ISO_639-1"
            },
            "codeString" : "en"
          },
          "purpose" : "To record the body weight of an individual - both actual and approximate.",
          "keywords" : [ "weight", "gain", "loss", "increase", "decrease", "mass", "estimate", "actual" ],
          "use" : "To be used for recording the actual measurement of body weight, including when the individual is missing a body part due to a congenital cause or after surgical removal.   A statement identifying the physical incompleteness of the body can be recorded in the 'Confounding factors' data element, if required. This is the usual archetype to be used for a typical measurement of weight, for example self-measured by the individual at home, a clinician measurement in a clinic/hospital, or a fitness instructor in a gymnasium.  \n\nCan also be used for recording an approximation of body weight measurement in a clinical scenario where it is not possible to measure accurately body weight - for example, weighing an uncooperative child, or estimating the weight of an unborn fetus (where the 'subject of data' is the Fetus and recording occurs within the mother's health record).  This is not modelled explicitly in the archetype as the openEHR Reference model allows the attribute of Approximation for any Quantity data type.  At implementation, for example, an application user interface could allow clinicians to select an appropriately labelled check box adjacent to the Weight data field to indicate that the recorded weight is an approximation, rather than actual.\n\nTo be used for recording weight change, that is, either weight loss or weight gain.  This can currently be modelled by constraining the 'any event' to an interval with associated mathematical function of increase or decrease, as appropriate. ",
          "misuse" : "Not to be used to record the first weight of an infant soon after birth which is designated as their 'birth weight' - use the specialisation of this archetype OBSERVATION.body_weight-birth.\nNot to be used to record the adjusted body weight eg a calculation of the full body weight of a person with limb amputation, based on other body part measurements and an algorithm - use OBSERVATION.body_weight-adjusted.\nNot to be used to record the weight of an object or body part. ",
          "copyright" : "copyright (c) 2010 openEHR Foundation",
          "originalResourceUri" : { },
          "otherDetails" : { }
        },
        "sl" : {
          "@type" : "RESOURCE_DESCRIPTION_ITEM",
          "language" : {
            "terminologyId" : {
              "value" : "ISO_639-1"
            },
            "codeString" : "sl"
          },
          "purpose" : "Za zapisovanje teže posameznega pacienta - dejanske in približne. ",
          "keywords" : [ "*weight(en)", "*gain(en)", "*loss(en)", "*increase(en)", "*decrease(en)", "*mass(en)", "*estimate(en)", "*actual(en)", "teža", "izguba teže", "dejanska teža", "približna teža" ],
          "use" : "*To be used for recording the actual measurement of body weight, including when the individual is missing a body part due to a congenital cause or after surgical removal.   A statement identifying the physical incompleteness of the body can be recorded in the 'Confounding factors' data element, if required. This is the usual archetype to be used for a typical measurement of weight, for example self-measured by the individual at home, a clinician measurement in a clinic/hospital, or a fitness instructor in a gymnasium.  \n\nCan also be used for recording an approximation of body weight measurement in a clinical scenario where it is not possible to measure accurately body weight - for example, weighing an uncooperative child, or estimating the weight of an unborn fetus (where the 'subject of data' is the Fetus and recording occurs within the mother's health record).  This is not modelled explicitly in the archetype as the openEHR Reference model allows the attribute of Approximation for any Quantity data type.  At implementation, for example, an application user interface could allow clinicians to select an appropriately labelled check box adjacent to the Weight data field to indicate that the recorded weight is an approximation, rather than actual.\n\nTo be used for recording weight change, that is, either weight loss or weight gain.  This can currently be modelled by constraining the 'any event' to an interval with associated mathematical function of increase or decrease, as appropriate. (en)",
          "misuse" : "*Not to be used to record the first weight of an infant soon after birth which is designated as their 'birth weight' - use the specialisation of this archetype OBSERVATION.body_weight-birth.\nNot to be used to record the adjusted body weight eg a calculation of the full body weight of a person with limb amputation, based on other body part measurements and an algorithm - use OBSERVATION.body_weight-adjusted.\nNot to be used to record the weight of an object or body part. (en)",
          "originalResourceUri" : { },
          "otherDetails" : { }
        },
        "nl" : {
          "@type" : "RESOURCE_DESCRIPTION_ITEM",
          "language" : {
            "terminologyId" : {
              "value" : "ISO_639-1"
            },
            "codeString" : "nl"
          },
          "purpose" : "Om het lichaamsgewicht van een persoon te registreren - zowel exact als geschat gewicht",
          "keywords" : [ "gewicht", "stijging", "verlies", "toename", "daling", "massa", "schatting", "werkelijk", "afname" ],
          "use" : "Registreren van een actuele meting van het lichaamsgewicht, ook als deze persoon een lichaamsdeel mist, door een geboorteafwijking of na een chirurgische ingreep. Een verklaring over de fysieke inclompleetheid van het lichaam, kan zo nodig opgeslagen worden in het data element 'beïnvloedende factoren'. Dit is het gebruikelijke archetype voor gewichtmetingen, bij voorbeeld thuis gemeten door de persoon zelf, een klinische meting in een kliniek/ziekenhuis, of door een fitness instructeur in een sportschool.\n\nKan ook gebruikt worden om een geschat lichaamsgewicht te registreren in een klinische setting als het niet mogelijk is om het exacte lichaamsgewicht te meten - bijvoorbeeld, het wegen van een tegenwerkend kind, of een schatting van het gewicht van een ongeboren kind (waar het onderwerp van de gegevens de foetus is en de opslag in het patiënten dossier van de moeder plaatsvindt). Dit is niet expliciet gemodelleerd in het archetype, omdat het openEHR Referentie model een schatting in ieder kwantitatief data type toestaat. Bij de uitvoering, bijvoorbeeld, zou een applicatie gebruikersinterface, clinici een adequaat geëtiketteerd selectievakje kunnen aanbieden, naast de gegevens over het gewicht, waarin door selecteren aangegeven kan worden dat het opgenomen gewicht een schatting is, in plaats van het werkelijke gewicht.\n\nDient te worden gebruikt om gewichtsverandering op te slaan, zowel gewichtsverlies als gewichtstoename.  Dit kan gemodelleerd worden door 'any event' - elke gebeurtenis - in voorkomende gevallen, te beperken tot een interval met met bijbehorende rekenkundige functie van stijging of daling.",
          "misuse" : "Dient niet te worden gebruikt voor het registreren van het eerste gewicht van een kind, na geboorte, welke wordt aangewezen als geboortegewicht. Gebruik hiervoor de specialisatie van dit archetype, OBSERVATION.body_weight-birth (OBSERVATION.lichaamsgewicht-geboorte.\nDient niet te worden gebruikt voor het registreren van het aangepaste lichaamsgewicht, bijvoorbeeld een berekening van het volledige lichaamsgewicht van een persoon met een amputatie van ledematen, gebaseerd op metingen van lichaamsdelen en een algoritme - gebruik hiervoor OBSERVATION.body_weight-adjusted. (OBSERVATION.lichaamsgewicht-aangepast).\nDient niet te worden gebruikt voor het vastleggen van het gewicht van een object of lichaamsdeel.",
          "copyright" : "copyright (c) 2010 openEHR Foundation",
          "originalResourceUri" : { },
          "otherDetails" : { }
        }
      }
    },
    "parentArchetypeId" : "openEHR-EHR-OBSERVATION.body_weight.v1",
    "differential" : true,
    "archetypeId" : {
      "@type" : "ARCHETYPE_HRID",
      "value" : "openEHR-EHR-OBSERVATION.ovl-body_weight-001.v1"
    },
    "definition" : {
      "@type" : "C_COMPLEX_OBJECT",
      "rmTypeName" : "OBSERVATION",
      "nodeId" : "at0000.1",
      "attributes" : [ {
        "@type" : "C_ATTRIBUTE",
        "rmAttributeName" : "data",
        "children" : [ {
          "@type" : "C_COMPLEX_OBJECT",
          "rmTypeName" : "HISTORY",
          "nodeId" : "at0002",
          "attributes" : [ {
            "@type" : "C_ATTRIBUTE",
            "rmAttributeName" : "events",
            "cardinality" : {
              "@type" : "CARDINALITY",
              "interval" : "1..*",
              "ordered" : false,
              "unique" : false
            },
            "children" : [ {
              "@type" : "C_COMPLEX_OBJECT",
              "rmTypeName" : "EVENT",
              "nodeId" : "at0003",
              "attributes" : [ {
                "@type" : "C_ATTRIBUTE",
                "rmAttributeName" : "data",
                "children" : [ {
                  "@type" : "C_COMPLEX_OBJECT",
                  "rmTypeName" : "ITEM_TREE",
                  "nodeId" : "at0001",
                  "attributes" : [ {
                    "@type" : "C_ATTRIBUTE",
                    "rmAttributeName" : "items",
                    "cardinality" : {
                      "@type" : "CARDINALITY",
                      "interval" : "1..*",
                      "ordered" : false,
                      "unique" : false
                    },
                    "children" : [ {
                      "@type" : "C_COMPLEX_OBJECT",
                      "rmTypeName" : "ELEMENT",
                      "occurrences" : "0..0",
                      "nodeId" : "at0024.1",
                      "attributes" : [ ],
                      "attributeTuples" : [ ]
                    } ]
                  } ],
                  "attributeTuples" : [ ]
                } ]
              }, {
                "@type" : "C_ATTRIBUTE",
                "rmAttributeName" : "state",
                "children" : [ {
                  "@type" : "C_COMPLEX_OBJECT",
                  "rmTypeName" : "ITEM_TREE",
                  "nodeId" : "at0008",
                  "attributes" : [ {
                    "@type" : "C_ATTRIBUTE",
                    "rmAttributeName" : "items",
                    "cardinality" : {
                      "@type" : "CARDINALITY",
                      "interval" : "0..*",
                      "ordered" : true,
                      "unique" : false
                    },
                    "children" : [ {
                      "@type" : "C_COMPLEX_OBJECT",
                      "rmTypeName" : "ELEMENT",
                      "occurrences" : "0..0",
                      "nodeId" : "at0009.1",
                      "attributes" : [ {
                        "@type" : "C_ATTRIBUTE",
                        "rmAttributeName" : "value",
                        "children" : [ {
                          "@type" : "C_COMPLEX_OBJECT",
                          "rmTypeName" : "DV_CODED_TEXT",
                          "attributes" : [ {
                            "@type" : "C_ATTRIBUTE",
                            "rmAttributeName" : "defining_code",
                            "children" : [ {
                              "@type" : "C_TERMINOLOGY_CODE",
                              "rmTypeName" : "CODE_PHRASE",
                              "occurrences" : "1..1",
                              "assumedValue" : {
                                "terminologyId" : {
                                  "value" : "local"
                                },
                                "codeString" : "at0011"
                              },
                              "terminologyId" : {
                                "value" : "local"
                              },
                              "constraint" : [ "at0011", "at0013", "at0010", "at0017" ]
                            } ]
                          } ],
                          "attributeTuples" : [ ]
                        } ]
                      } ],
                      "attributeTuples" : [ ]
                    }, {
                      "@type" : "C_COMPLEX_OBJECT",
                      "rmTypeName" : "ELEMENT",
                      "occurrences" : "0..0",
                      "nodeId" : "at0025.1",
                      "attributes" : [ ],
                      "attributeTuples" : [ ]
                    } ]
                  } ],
                  "attributeTuples" : [ ]
                } ]
              } ],
              "attributeTuples" : [ ]
            } ]
          } ],
          "attributeTuples" : [ ]
        } ]
      } ],
      "attributeTuples" : [ ]
    },
    "terminology" : {
      "@type" : "ARCHETYPE_TERMINOLOGY",
      "conceptCode" : "at0000",
      "termDefinitions" : {
        "sl" : {
          "at0000.1" : {
            "@type" : "ARCHETYPE_TERM",
            "code" : "at0000.1",
            "text" : "Medication reference body weight",
            "description" : "Merjenje telesne teže posameznega pacienta"
          }
        },
        "nl" : {
          "at0000.1" : {
            "@type" : "ARCHETYPE_TERM",
            "code" : "at0000.1",
            "text" : "Medication reference body weight",
            "description" : "Meting van het lichaamsgewicht van een individu."
          }
        },
        "en" : {
          "at0000.1" : {
            "@type" : "ARCHETYPE_TERM",
            "code" : "at0000.1",
            "text" : "Medication reference body weight",
            "description" : "Measurement of the body weight of an individual."
          }
        },
        "de" : {
          "at0000.1" : {
            "@type" : "ARCHETYPE_TERM",
            "code" : "at0000.1",
            "text" : "Medication reference body weight",
            "description" : "Messung des Körpergewichts eines Individuums."
          }
        },
        "ru" : {
          "at0000.1" : {
            "@type" : "ARCHETYPE_TERM",
            "code" : "at0000.1",
            "text" : "Medication reference body weight",
            "description" : "*Measurement of the body weight of an individual.(en)"
          }
        }
      },
      "termBindings" : { },
      "terminologyExtracts" : { },
      "valueSets" : { }
    },
    "adlVersion" : "1.4",
    "buildUid" : "0955842c-a7b8-387c-b8ce-5bf1a1dc0e6f",
    "rmName" : "openehr",
    "rmRelease" : "1.0.3",
    "generated" : true,
    "otherMetaData" : { },
    "originalLanguage" : {
      "terminologyId" : {
        "value" : "ISO_639-1"
      },
      "codeString" : "en"
    },
    "translations" : [ {
      "@type" : "TRANSLATION_DETAILS",
      "language" : {
        "terminologyId" : {
          "value" : "ISO_639-1"
        },
        "codeString" : "de"
      },
      "author" : {
        "name" : "Sebastian Garde, Jasmin Buck",
        "organisation" : "Ocean Informatics, University of Heidelberg"
      },
      "otherDetails" : { }
    }, {
      "@type" : "TRANSLATION_DETAILS",
      "language" : {
        "terminologyId" : {
          "value" : "ISO_639-1"
        },
        "codeString" : "ru"
      },
      "author" : {
        "name" : "?"
      },
      "otherDetails" : { }
    }, {
      "@type" : "TRANSLATION_DETAILS",
      "language" : {
        "terminologyId" : {
          "value" : "ISO_639-1"
        },
        "codeString" : "sl"
      },
      "author" : {
        "name" : "Biljana Prnčič, Uroš rajkovič",
        "organisation" : "Marand d.o.o.",
        "email" : "biljana.princic@marand.si; uros.rajkovic@fov.uni-mb.si"
      },
      "otherDetails" : { }
    }, {
      "@type" : "TRANSLATION_DETAILS",
      "language" : {
        "terminologyId" : {
          "value" : "ISO_639-1"
        },
        "codeString" : "nl"
      },
      "author" : {
        "name" : "Marja Buur",
        "organisation" : "Medisch Centrum Alkmaar, Nederland",
        "email" : "m.buur-krom@mca.nl"
      },
      "accreditation" : "Nurse informatics",
      "otherDetails" : { }
    } ]
  } ],
  "originalLanguage" : {
    "terminologyId" : {
      "value" : "ISO_639-1"
    },
    "codeString" : "en"
  },
  "translations" : [ {
    "@type" : "TRANSLATION_DETAILS",
    "language" : {
      "terminologyId" : {
        "value" : "ISO_639-1"
      },
      "codeString" : "sv"
    },
    "author" : {
      "name" : "Kirsi Poikela",
      "organisation" : "Tieto Sweden AB",
      "email" : "ext.kirsi.poikela@tieto.com"
    },
    "otherDetails" : { }
  }, {
    "@type" : "TRANSLATION_DETAILS",
    "language" : {
      "terminologyId" : {
        "value" : "ISO_639-1"
      },
      "codeString" : "es-ar"
    },
    "author" : {
      "name" : "Edgardo Vazquez",
      "organisation" : "VinculoMedico"
    },
    "accreditation" : "Medical Doctor",
    "otherDetails" : { }
  }, {
    "@type" : "TRANSLATION_DETAILS",
    "language" : {
      "terminologyId" : {
        "value" : "ISO_639-1"
      },
      "codeString" : "ko"
    },
    "author" : {
      "name" : "Seung-Jong Yu",
      "organisation" : "NOUSCO Co.,Ltd.",
      "email" : "seungjong.yu@gmail.com"
    },
    "accreditation" : "Certified Board of Family Medicine in South Korea",
    "otherDetails" : { }
  }, {
    "@type" : "TRANSLATION_DETAILS",
    "language" : {
      "terminologyId" : {
        "value" : "ISO_639-1"
      },
      "codeString" : "pt-br"
    },
    "author" : {
      "name" : "Vladimir Pizzo",
      "organisation" : "Hospital Sirio Libanes, Brazil",
      "email" : "vladimir.pizzo@hsl.org.br"
    },
    "otherDetails" : { }
  }, {
    "@type" : "TRANSLATION_DETAILS",
    "language" : {
      "terminologyId" : {
        "value" : "ISO_639-1"
      },
      "codeString" : "ar-sy"
    },
    "author" : {
      "name" : "Mona Saleh"
    },
    "otherDetails" : { }
  }, {
    "@type" : "TRANSLATION_DETAILS",
    "language" : {
      "terminologyId" : {
        "value" : "ISO_639-1"
      },
      "codeString" : "es"
    },
    "author" : {
      "name" : "Pablo Pazos",
      "organisation" : "CaboLabs"
    },
    "accreditation" : "Computer Engineer",
    "otherDetails" : { }
  }, {
    "@type" : "TRANSLATION_DETAILS",
    "language" : {
      "terminologyId" : {
        "value" : "ISO_639-1"
      },
      "codeString" : "nl"
    },
    "author" : {
      "name" : "Dennis Valk",
      "organisation" : "Code24 BV",
      "email" : "dennis.valk@code24.nl"
    },
    "accreditation" : "Code24 BV",
    "otherDetails" : { }
  } ]
}